dbdundu	dbdundu@gmx.de
ngukcf	ngukcf@gmx.de
e.mulugeta	e.mulugeta@gmx.de
samira-h74	samira-h74@gmx.de
juli502	juli502@gmx.de
hejdkf	hejdkf@gmx.de
jude112	jude112@gmx.de
rrrrrrr-redbull-rrrrrrr	rrrrrrr-redbull-rrrrrrr@gmx.de
djdidbs	djdidbs@gmx.de
vcggui	vcggui@gmx.de
bahrjulia96	bahrjulia96@gmx.de
tkyhdh	tkyhdh@gmx.de
hans-freak	hans-freak@gmx.de
ceydaa29	ceydaa29@gmx.de
ibutzi81	ibutzi81@gmx.de
skapopo	skapopo@gmx.de
lina-weinberg	lina-weinberg@gmx.de
florian.meyer.5	florian.meyer.5@gmx.de
hotte8080	hotte8080@gmx.de
lalel25	lalel25@gmx.de
gagliardiantonio23	gagliardiantonio23@gmx.de
jakaoe	jakaoe@gmx.de
hannahleja	hannahleja@gmx.de
ebrhek	ebrhek@gmx.de
djaabu	djaabu@gmx.de
opretz	opretz@gmx.de
nubaus	nubaus@gmx.de
hnsmie	hnsmie@gmx.de
yaeaye	yaeaye@gmx.de
snzoni	snzoni@gmx.de
cgjkaj	cgjkaj@gmx.de
bjddui	bjddui@gmx.de
louhgt	louhgt@gmx.de
hkkith	hkkith@gmx.de
xlosen	xlosen@gmx.de
ksslen	ksslen@gmx.de
eezert	eezert@gmx.de
uauaui	uauaui@gmx.de
odbsie	odbsie@gmx.de
usbdke	usbdke@gmx.de
frrohn	frrohn@gmx.de
hhanag	hhanag@gmx.de
okaaah	okaaah@gmx.de
khkelb	khkelb@gmx.de
lsppen	lsppen@gmx.de
ksldbf	ksldbf@gmx.de
aanndl	aanndl@gmx.de
hriase	hriase@gmx.de
a.ullrich19	a.ullrich19@gmx.de
mlhghk	mlhghk@gmx.de
goldmaedchen82	goldmaedchen82@gmx.de
helen.wenzel2	helen.wenzel2@gmx.de
lenastache	lenastache@gmx.de
peter.baumhauer	peter.baumhauer@gmx.de
fbkdld	fbkdld@gmx.de
helfbe	helfbe@gmx.de
antonia.biedermann1	antonia.biedermann1@gmx.de
maria.judo	maria.judo@gmx.de
vkvkkk	vkvkkk@gmx.de
alex-artes28	alex-artes28@gmx.de
cansugz	cansugz@gmx.de
hans.spast	hans.spast@gmx.de
dominikschiebel2001	dominikschiebel2001@gmx.de
doreen.sarah73	doreen.sarah73@gmx.de
bezsaaa	bezsaaa@gmx.de
gatsbythegreat	gatsbythegreat@gmx.de
horstey78	horstey78@gmx.de
hisual	hisual@gmx.de
wlsosn	wlsosn@gmx.de
aileensheppard	aileensheppard@gmx.de
manuel-fasser	manuel-fasser@gmx.de
fashionloove	fashionloove@gmx.de
waynexl	waynexl@gmx.de
luca.erdmann2	luca.erdmann2@gmx.de
duhkff	duhkff@gmx.de
julia.auerhammer	julia.auerhammer@gmx.de
ostfrau1	ostfrau1@gmx.de
cudkjd	cudkjd@gmx.de
ssalokat	ssalokat@gmx.de
finievi	finievi@gmx.de
ninaghu	ninaghu@gmx.de
jennifer.mt	jennifer.mt@gmx.de
lenabuchner55	lenabuchner55@gmx.de
andyvfl4	andyvfl4@gmx.de
maxlaue5	maxlaue5@gmx.de
ricky.toertchen	ricky.toertchen@gmx.de
gjdjtv	gjdjtv@gmx.de
ilaydakaragul	ilaydakaragul@gmx.de
fkklll	fkklll@gmx.de
lucabusch88	lucabusch88@gmx.de
eminghj	eminghj@gmx.de
icedlv	icedlv@gmx.de
xjrjed	xjrjed@gmx.de
justinhefter	justinhefter@gmx.de
beratihtiyar	beratihtiyar@gmx.de
nataschabullik	nataschabullik@gmx.de
julebeck61	julebeck61@gmx.de
nadine.hagemann93	nadine.hagemann93@gmx.de
ghjblo	ghjblo@gmx.de
monique.wuschko	monique.wuschko@gmx.de
wksnsk	wksnsk@gmx.de
emma-stadler	emma-stadler@gmx.de
a.s.15051992	a.s.15051992@gmx.de
hehdhsb	hehdhsb@gmx.de
burgfraeulein.runa	burgfraeulein.runa@gmx.de
aylinmsp	aylinmsp@gmx.de
janmdr	janmdr@gmx.de
vivien.ongemach	vivien.ongemach@gmx.de
hofmannjulian97	hofmannjulian97@gmx.de
udieiw	udieiw@gmx.de
blutspur21	blutspur21@gmx.de
klohyh	klohyh@gmx.de
louisalohmueller	louisalohmueller@gmx.de
sophie.scheler2	sophie.scheler2@gmx.de
misspowww	misspowww@gmx.de
dfdjus	dfdjus@gmx.de
hshsdus	hshsdus@gmx.de
hanmgl	hanmgl@gmx.de
jrtzsk	jrtzsk@gmx.de
hhghhjk	hhghhjk@gmx.de
adryyy89	adryyy89@gmx.de
bfnffn	bfnffn@gmx.de
aasksol	aasksol@gmx.de
schwanz4	schwanz4@gmx.de
sandrakrissel	sandrakrissel@gmx.de
pupsi.32	pupsi.32@gmx.de
mn.milkereit2	mn.milkereit2@gmx.de
lueckenerphil	lueckenerphil@gmx.de
justin.wille4	justin.wille4@gmx.de
uggugz	uggugz@gmx.de
ndleox	ndleox@gmx.de
shiraz.saleem8	shiraz.saleem8@gmx.de
mamimn	mamimn@gmx.de
najajsnd	najajsnd@gmx.de
moritz.tebbe22	moritz.tebbe22@gmx.de
hncfme	hncfme@gmx.de
jfjdkfl	jfjdkfl@gmx.de
bighkn	bighkn@gmx.de
uhggtt	uhggtt@gmx.de
ervaduman	ervaduman@gmx.de
stinkemoese	stinkemoese@gmx.de
instagramaccount18	instagramaccount18@gmx.de
fjztkx	fjztkx@gmx.de
gogoglh	gogoglh@gmx.de
scarter1365	scarter1365@gmx.de
lisamarie2606	lisamarie2606@gmx.de
jjijffj	jjijffj@gmx.de
mnbvdfs	mnbvdfs@gmx.de
blablbalba	blablbalba@gmx.de
golf2girly	golf2girly@gmx.de
ilucgames.1	ilucgames.1@gmx.de
edddess	edddess@gmx.de
nicole.hanke80	nicole.hanke80@gmx.de
sara.amato14	sara.amato14@gmx.de
peterlesen	peterlesen@gmx.de
bgauaja	bgauaja@gmx.de
sas.soso	sas.soso@gmx.de
jjkudj	jjkudj@gmx.de
wupeuo	wupeuo@gmx.de
luca.prehn	luca.prehn@gmx.de
botganggang245	botganggang245@gmx.de
jule.sophie.perret.tomlinson	jule.sophie.perret.tomlinson@gmx.de
alertsfubar	alertsfubar@gmx.de
itsinsta	itsinsta@gmx.de
jsisisks88	jsisisks88@gmx.de
caaanx1	caaanx1@gmx.de
hnkikn	hnkikn@gmx.de
ichbinnice88	ichbinnice88@gmx.de
moritzhohberg	moritzhohberg@gmx.de
susanfoerstemann	susanfoerstemann@gmx.de
zwhscs	zwhscs@gmx.de
tuyaudepoele	tuyaudepoele@gmx.de
jana.milena.fischer	jana.milena.fischer@gmx.de
dkfbfe	dkfbfe@gmx.de
sarahbuerklin1	sarahbuerklin1@gmx.de
freghut	freghut@gmx.de
fabsi35	fabsi35@gmx.de
hdbdbkd	hdbdbkd@gmx.de
kdjxjd	kdjxjd@gmx.de
hzfxjj	hzfxjj@gmx.de
aristo444	aristo444@gmx.de
jessica.solle	jessica.solle@gmx.de
nicoleniewierra	nicoleniewierra@gmx.de
dednih	dednih@gmx.de
lebendk	lebendk@gmx.de
hfvtfh	hfvtfh@gmx.de
chiara.schmidt95	chiara.schmidt95@gmx.de
kckfab	kckfab@gmx.de
anna.wege1	anna.wege1@gmx.de
nk148	nk148@gmx.de
bambibambo2	bambibambo2@gmx.de
kenndat	kenndat@gmx.de
sevval1213	sevval1213@gmx.de
nahkuhn	nahkuhn@gmx.de
kjggtu	kjggtu@gmx.de
gkxhch	gkxhch@gmx.de
bymacc69	bymacc69@gmx.de
artemisiacaria	artemisiacaria@gmx.de
