aufiei	aufiei@gmx.de	zjsigjywkg	eaaqork1S		virtualcultural2@gmx.de	eaaqork1S	virtualcultural2@teml.net
bdhais	bdhais@gmx.de				revolverbanking4@gmx.de	mlwhfov6Q	revolverbanking4@teml.net
nubily	nubily@gmx.de				saucycut1@gmx.de	muledok5P	saucycut1@teml.net
iglthi	iglthi@gmx.de				rivalaflame6@gmx.de	etgymln6V	rivalaflame6@teml.net
eahebi	eahebi@gmx.de				professorbacklight5@gmx.de	ajacrrs7Z	professorbacklight5@teml.net
aoamaa	aoamaa@gmx.de				playgroupauthentic4@gmx.de	iuqiylg2D	playgroupauthentic4@teml.net
hitcrt	hitcrt@gmx.de				reapplybanana3@gmx.de	spllsfc8Y	reapplybanana3@teml.net
hfffgg	hfffgg@gmx.de				tattlingapron5@gmx.de	kkcwllm3G	tattlingapron5@teml.net
haianv	haianv@gmx.de				revisionchowtime5@gmx.de	onbeoyy2H	revisionchowtime5@teml.net
dlykdi	dlykdi@gmx.de				rebuiltblandness2@gmx.de	wocuvfu0K	rebuiltblandness2@teml.net
esatpp	esatpp@gmx.de				scrunchagonize6@gmx.de	yoieofq2K	scrunchagonize6@teml.net
smynyk	smynyk@gmx.de				ritalinbovine10@gmx.de	khcoywx8J	ritalinbovine10@teml.net
eosmma	eosmma@gmx.de				shuckingaghast1@gmx.de	rgieogd4B	shuckingaghast1@teml.net
lnmusi	lnmusi@gmx.de				resealbobsled8@gmx.de	nglykzd1J	resealbobsled8@teml.net
duejel	duejel@gmx.de				repurposecamping3@gmx.de	muyylgc5D	repurposecamping3@teml.net
kslske	kslske@gmx.de				unsteadycotton4@gmx.de	yrhidpq9G	unsteadycotton4@teml.net
lxlrls	lxlrls@gmx.de				unpeeledcannot1@gmx.de	vvsugtg6Q	unpeeledcannot1@teml.net
ztretz	ztretz@gmx.de				unlovablecollapse7@gmx.de	ftjvgof1M	unlovablecollapse7@teml.net
beueve	beueve@gmx.de				sprayamicably6@gmx.de	owcbvmc0T	sprayamicably6@teml.net
oegend	oegend@gmx.de				reveredcauterize7@gmx.de	gvmwbhy2X	reveredcauterize7@teml.net
oritot	oritot@gmx.de				stokeantivirus2@gmx.de	ulgvccp2X	stokeantivirus2@teml.net
aoales	aoales@gmx.de				preteencardigan2@gmx.de	gjasxgn1C	preteencardigan2@teml.net
kiejeu	kiejeu@gmx.de				qualifiedchevron2@gmx.de	zlvtfgl0Z	qualifiedchevron2@teml.net
bthyte	bthyte@gmx.de				theecleat10@gmx.de	zvbqrrm5W	theecleat10@teml.net
guifgg	guifgg@gmx.de				skydiverbackboard9@gmx.de	rfkyivi3M	skydiverbackboard9@teml.net
blathi	blathi@gmx.de				powderycaress2@gmx.de	ilyiolk6X	powderycaress2@teml.net
frssaa	frssaa@gmx.de				washoutawkward1@gmx.de	lciyeru2L	washoutawkward1@teml.net
aarzig	aarzig@gmx.de				unluckyaspirate4@gmx.de	wfrbgyb1S	unluckyaspirate4@teml.net
hndkyn	hndkyn@gmx.de				umbilicalbright6@gmx.de	uxnlvjp3K	umbilicalbright6@teml.net
klmnic	klmnic@gmx.de				radiantlydart9@gmx.de	kdczzck6N	radiantlydart9@teml.net
vrrcht	vrrcht@gmx.de				unblessedcavity8@gmx.de	ugliytk0Z	unblessedcavity8@teml.net
mrylor	mrylor@gmx.de				roundupcomrade10@gmx.de	auchxve7M	roundupcomrade10@teml.net
lkreer	lkreer@gmx.de				tightencoveted4@gmx.de	hglbxab5N	tightencoveted4@teml.net
nennsu	nennsu@gmx.de				underfootbackup7@gmx.de	ypmyvjd5S	underfootbackup7@teml.net
knefes	knefes@gmx.de				reliccalamity1@gmx.de	gbjgoda8K	reliccalamity1@teml.net
tzhggy	tzhggy@gmx.de				ploybrownnose10@gmx.de	ehvidpd4G	ploybrownnose10@teml.net
hdkall	hdkall@gmx.de				sandbaranything2@gmx.de	igkwkcd0F	sandbaranything2@teml.net
hureja	hureja@gmx.de				stablecaddy10@gmx.de	yqmxrht8M	stablecaddy10@teml.net
ksbskk	ksbskk@gmx.de				tattlingbountiful2@gmx.de	szwnzjs2S	tattlingbountiful2@teml.net
kskkyl	kskkyl@gmx.de				reassurecorrode2@gmx.de	pigmasc5G	reassurecorrode2@teml.net
dieieu	dieieu@gmx.de				quintetability1@gmx.de	qssaupi3K	quintetability1@teml.net
eahdir	eahdir@gmx.de				tileappeasing4@gmx.de	kzwxygt5G	tileappeasing4@teml.net
fheken	fheken@gmx.de				shantyblank10@gmx.de	jkfpiqo1P	shantyblank10@teml.net
bsbssi	bsbssi@gmx.de				sedatechimp7@gmx.de	tzdwzeh6C	sedatechimp7@teml.net
emdwir	emdwir@gmx.de				sympathycactus9@gmx.de	xlsrvfo3N	sympathycactus9@teml.net
habndj	habndj@gmx.de				twilightconceded3@gmx.de	jscjsjc6H	twilightconceded3@teml.net
jasrto	jasrto@gmx.de				smugglingbunkmate9@gmx.de	gfyhdlz1G	smugglingbunkmate9@teml.net
ilhdjf	ilhdjf@gmx.de				unskilledantitrust3@gmx.de	mouimwz2M	unskilledantitrust3@teml.net
lhhina	lhhina@gmx.de				stinkycrank6@gmx.de	svvthrl6L	stinkycrank6@teml.net
kssoma	kssoma@gmx.de				swearalarm1@gmx.de	gdytlag4X	swearalarm1@teml.net
ihebke	ihebke@gmx.de				undergraddairy2@gmx.de	pmbxwmr7Z	undergraddairy2@teml.net
snhser	snhser@gmx.de				sportsbacker4@gmx.de	iblvxln3L	sportsbacker4@teml.net
ndbfnf	ndbfnf@gmx.de				unratedbrussels4@gmx.de	rnwgvwd4K	unratedbrussels4@teml.net
olimis	olimis@gmx.de				unthreadbooting2@gmx.de	ebbjchz5C	unthreadbooting2@teml.net
eredte	eredte@gmx.de				transferbust8@gmx.de	ytyfxwn1R	transferbust8@teml.net
ksksis	ksksis@gmx.de				projectorcrate3@gmx.de	jxajmwi0Q	projectorcrate3@teml.net
vndind	vndind@gmx.de				plugchildcare2@gmx.de	dlowkcz9B	plugchildcare2@teml.net
nufuin	nufuin@gmx.de				twistingcarpool1@gmx.de	ytondwv8H	twistingcarpool1@teml.net
hehhce	hehhce@gmx.de				stuckanaerobic3@gmx.de	qkhwdjk3C	stuckanaerobic3@teml.net
hahvaj	hahvaj@gmx.de				unfastenconfider1@gmx.de	gtwmvgf6Y	unfastenconfider1@teml.net
hhbdnx	hhbdnx@gmx.de				reverbapplause7@gmx.de	qqtrhax3T	reverbapplause7@teml.net
huswer	huswer@gmx.de				untrackedconfining3@gmx.de	thqcgcn4Z	untrackedconfining3@teml.net
lslmsn	lslmsn@gmx.de				willpowerbackache9@gmx.de	epjnimd5N	willpowerbackache9@teml.net
kadvdk	kadvdk@gmx.de				veneeringcreamer4@gmx.de	tzovfjz3M	veneeringcreamer4@teml.net
ndkfjd	ndkfjd@gmx.de				wavinessbungee6@gmx.de	avmdigm2L	wavinessbungee6@teml.net
isusmi	isusmi@gmx.de				synthesiscomfort8@gmx.de	zoyhbbx7X	synthesiscomfort8@teml.net
ttptot	ttptot@gmx.de				platypusaqua4@gmx.de	cnclskh8Z	platypusaqua4@teml.net
hsuaah	hsuaah@gmx.de				remixbluff8@gmx.de	wjxncly5V	remixbluff8@teml.net
bkamia	bkamia@gmx.de				sandingcurling4@gmx.de	ujwkqnc5J	sandingcurling4@teml.net
rhegah	rhegah@gmx.de				tablewarecrisply3@gmx.de	ulozlyr9G	tablewarecrisply3@teml.net
ufidis	ufidis@gmx.de				unhappilycoyness3@gmx.de	qqbpbym0F	unhappilycoyness3@teml.net
hukbal	hukbal@gmx.de				unbittenashes10@gmx.de	ahntfff4P	unbittenashes10@teml.net
uauhah	uauhah@gmx.de				quintuplecreamed6@gmx.de	oulexie6X	quintuplecreamed6@teml.net
kdldoa	kdldoa@gmx.de				vesselbless2@gmx.de	dxllpcn7R	vesselbless2@teml.net
keield	keield@gmx.de				superbowlcrazily2@gmx.de	zomdorc5Y	superbowlcrazily2@teml.net
mdksbi	mdksbi@gmx.de				snoreclavicle6@gmx.de	xrcuhji9K	snoreclavicle6@teml.net
lfieje	lfieje@gmx.de				quickstepammonium4@gmx.de	tvzxine4L	quickstepammonium4@teml.net
bumsri	bumsri@gmx.de				smartlybroadcast8@gmx.de	foaiesj1P	smartlybroadcast8@teml.net
hihhub	hihhub@gmx.de				shadedcanopener2@gmx.de	npdigvd1K	shadedcanopener2@teml.net
eyupio	eyupio@gmx.de				revisablechatter9@gmx.de	hoviwuz0X	revisablechatter9@teml.net
egajaj	egajaj@gmx.de				visiblechute2@gmx.de	csvkmto9M	visiblechute2@teml.net
jujuii	jujuii@gmx.de				retainerbankroll3@gmx.de	fsfzobs2N	retainerbankroll3@teml.net
kukbam	kukbam@gmx.de				scorercontort6@gmx.de	tpjaykx4M	scorercontort6@teml.net
fdfthh	fdfthh@gmx.de				underwearcopy9@gmx.de	mavufuh1T	underwearcopy9@teml.net
iunsad	iunsad@gmx.de				snowlessdairy1@gmx.de	pujecvx0V	snowlessdairy1@teml.net
lsshis	lsshis@gmx.de				rocklikebreath9@gmx.de	qhtxapc4B	rocklikebreath9@teml.net
oeksel	oeksel@gmx.de				preachercommodity8@gmx.de	mnfsdgi7N	preachercommodity8@teml.net
ahusje	ahusje@gmx.de				reissuecadet1@gmx.de	nifyejf4T	reissuecadet1@teml.net
schnpi	schnpi@gmx.de				smithbrewery2@gmx.de	vttgsyz0H	smithbrewery2@teml.net
ftrcht	ftrcht@gmx.de				subgroupaside4@gmx.de	ermrsfw2D	subgroupaside4@teml.net
lkluze	lkluze@gmx.de				rebuildcaucasian9@gmx.de	iwikuns6Z	rebuildcaucasian9@teml.net
kkeewe	kkeewe@gmx.de				vocalizeattribute10@gmx.de	lbdbbee1T	vocalizeattribute10@teml.net
jssijy	jssijy@gmx.de				residenceconcept2@gmx.de	nkjnkdo0Z	residenceconcept2@teml.net
hdaovs	hdaovs@gmx.de				strewnchaplain4@gmx.de	lsuketx1B	strewnchaplain4@teml.net
ienkff	ienkff@gmx.de				saddlebagamicably10@gmx.de	fuoxcit2N	saddlebagamicably10@teml.net
johjda	johjda@gmx.de				trybully5@gmx.de	yyrfsfk5S	trybully5@teml.net
widlid	widlid@gmx.de				tradecornea4@gmx.de	uqjjjmc5L	tradecornea4@teml.net
vshvak	vshvak@gmx.de				respectcure2@gmx.de	cmdsqmt2R	respectcure2@teml.net
bllubi	bllubi@gmx.de				troutappendix9@gmx.de	ddgylxs1N	troutappendix9@teml.net
srahri	srahri@gmx.de				smartnesschevron8@gmx.de	sjuamhs1Z	smartnesschevron8@teml.net
dlisks	dlisks@gmx.de				reiteratecalamari3@gmx.de	iuywkvh3G	reiteratecalamari3@teml.net